thread,time
1,146.009428024292
2,71.60765361785889
4,44.38176393508911
8,42.97590088844299
