thread,time
1,137.82196855545044
2,71.17198872566223
4,40.892598390579224
8,41.040204763412476
